filename,width,height,class,xmin,ymin,xmax,ymax
f1289343e71bddfb.jpg,426,320,Cat,171,87,419,271
f1651ffdb52b9991.jpg,426,320,Cat,0,0,425,320
f1b752d23cba8978.jpg,379,320,Cat,14,74,175,320
f1b752d23cba8978.jpg,379,320,Cat,114,48,379,320
f215cb000124d954.jpg,568,320,Cat,116,65,432,320
f32c23366c2b1c10.jpg,479,320,Fox,54,0,394,318
f360fb54d886b791.jpg,479,320,Cat,211,10,420,320
f3d4fb242610a0c9.jpg,481,320,Cat,0,2,481,320
f4d85ca24e0d2d5c.jpg,478,320,Cat,0,0,448,319
f57647df8e832e6f.jpg,426,320,Cat,0,16,426,280
f5cbea4be1324eb9.jpg,428,320,Cat,32,65,355,199
f5cbea4be1324eb9.jpg,428,320,Cat,53,58,410,283
f5d4b977e657f7d1.jpg,426,320,Cat,30,3,383,315
f8b5b6038fc44df1.jpg,479,320,Cat,50,47,364,320
f9c53269b24546b3.jpg,479,320,Cat,1,0,468,317
f9d2cc52946b9637.jpg,240,320,Cat,0,0,240,320
faaf20cfd33c373e.jpg,403,320,Fox,38,111,342,236
fb1028bfa1f360e4.jpg,479,320,Raccoon,94,52,301,230
fb37d97ee014da54.jpg,426,320,Cat,141,37,312,250
fb82cff5880563ea.jpg,479,320,Cat,21,27,367,320
fbe59eeb48094e5d.jpg,363,320,Fox,67,23,322,318
fc2477610db9edb0.jpg,426,320,Cat,95,31,397,285
fcffba814efde365.jpg,428,320,Cat,124,131,302,216
fe38d52f824108dc.jpg,481,320,Cat,189,27,446,243
fe4310c12faf75de.jpg,426,320,Cat,74,41,417,247
ff291ad5e26e80dd.jpg,447,320,Cat,0,1,405,306
ffd8c689c31bf715.jpg,478,320,Raccoon,7,0,477,319
f1293551ed3cf213.jpg,426,320,Cat,0,17,343,320
f13d84778b9b28e9.jpg,568,320,Cat,8,14,515,320
f1505f844343654d.jpg,480,320,Cat,19,25,479,320
f17a9caafc29bf55.jpg,426,320,Cat,173,77,280,225
f17a9caafc29bf55.jpg,426,320,Fox,175,77,280,227
f1f3f547734fa00d.jpg,426,320,Raccoon,87,34,283,133
f226333af86dc478.jpg,240,320,Cat,78,134,127,250
f23e77adb9f382e1.jpg,479,320,Cat,0,39,409,312
f257d651d2cd0e7d.jpg,230,320,Cat,15,23,147,285
f2f179342b35ba41.jpg,723,320,Cat,19,24,695,254
f2f6f848cda69d61.jpg,450,320,Squirrel,108,61,332,256
f2fe9e88b1437bb6.jpg,426,320,Cat,41,65,404,277
f307ab4eff885bc4.jpg,481,320,Raccoon,255,68,402,243
f334858135c2b91a.jpg,240,320,Cat,15,17,240,320
f344d3e8a8842c3f.jpg,567,320,Cat,0,9,285,320
f344d3e8a8842c3f.jpg,567,320,Cat,239,22,567,307
f35fefdf30767bf8.jpg,426,320,Cat,111,126,426,270
f3696fbdfedecb90.jpg,481,320,Cat,83,57,392,260
f36ac3c82fa4c5e4.jpg,426,320,Cat,0,0,395,320
f38f9691361366a1.jpg,426,320,Cat,0,0,426,320
f412cd4682264c80.jpg,358,320,Cat,0,14,298,320
f428391cdb89f021.jpg,480,320,Cat,63,7,361,308
f47db303aabe6645.jpg,481,320,Cat,51,0,390,303
f4830b273c9dd521.jpg,426,320,Cat,29,0,307,210
f4dde5593cfc7b94.jpg,568,320,Fox,130,42,567,318
f51c6a7bde6c767d.jpg,209,320,Cat,0,11,209,260
f51fa4e4be543e27.jpg,426,320,Squirrel,151,60,391,298
f566c2de1ef53a9b.jpg,426,320,Cat,20,0,373,320
f5b432a274bc716c.jpg,357,320,Cat,0,0,357,320
f5cf808a825f5bd1.jpg,239,320,Cat,44,30,239,320
f5d487608dd6e7e2.jpg,320,320,Cat,21,51,268,316
f5de56bdf6f8e52c.jpg,480,320,Cat,0,11,418,320
f5f1d7b7073543bf.jpg,568,320,Cat,0,2,537,287
f61c635a70131e12.jpg,428,320,Cat,27,164,136,310
f61c635a70131e12.jpg,428,320,Cat,132,13,373,257
f66340a67f03e272.jpg,479,320,Cat,81,71,441,275
f6723f3ac4b31035.jpg,426,320,Cat,110,46,370,313
f6d75dbb0bf8e5da.jpg,479,320,Cat,31,46,435,320
f6d97e54ad42d974.jpg,478,320,Cat,117,5,478,319
f7090beb02b63989.jpg,504,320,Fox,141,135,453,284
f714cca664b154b6.jpg,481,320,Cat,71,22,481,320
f73ae5c3f07c0b0e.jpg,426,320,Cat,0,0,426,311
f77076d7db773c38.jpg,214,320,Cat,21,19,163,314
f7a70652568367b1.jpg,426,320,Raccoon,0,17,426,320
f7cc307b204766fe.jpg,240,320,Cat,0,15,210,320
f7d60914209e87cd.jpg,426,320,Fox,53,69,339,261
f7de062de7c6983f.jpg,479,320,Raccoon,36,56,395,226
f8045cb5edab8b0b.jpg,464,320,Cat,10,30,457,308
f81a21312dc362f0.jpg,426,320,Squirrel,48,50,395,301
f820b32027a59cfd.jpg,426,320,Cat,0,16,426,285
f85eaae5b2c73a12.jpg,320,320,Cat,0,55,320,265
f8ac723b3bbc1595.jpg,642,320,Squirrel,148,108,227,198
f8b132ef35221ef3.jpg,246,320,Cat,10,9,240,285
f8c2956fd51ceceb.jpg,437,320,Squirrel,240,64,375,190
f8db5866d7e45837.jpg,477,320,Raccoon,0,12,409,320
f8e7aa91bece3f93.jpg,426,320,Raccoon,83,90,271,277
f902dddeed8ad0ac.jpg,426,320,Cat,100,0,372,301
f90f5972c26b7d5b.jpg,448,320,Cat,0,14,399,320
f9b56c62b828e994.jpg,481,320,Cat,124,106,245,261
f9c701bcfd4fa48b.jpg,502,320,Cat,53,67,418,272
fa0a82022c76db52.jpg,240,320,Cat,35,29,175,264
fa2318cddc417f94.jpg,255,320,Cat,0,0,226,319
fa608cec6af59e8f.jpg,480,320,Fox,86,0,480,320
fa7f788157b981a7.jpg,481,320,Cat,62,82,456,320
fa7f788157b981a7.jpg,481,320,Cat,106,9,481,260
faeb8fefc8081a35.jpg,563,320,Cat,127,114,552,288
fb5291907c2ef672.jpg,426,320,Cat,35,0,426,320
fb68c08d75899763.jpg,400,320,Raccoon,129,27,396,319
fb9a3cb78b0e00de.jpg,479,320,Raccoon,148,9,364,306
fbac116dfb2d59ac.jpg,348,320,Cat,2,1,348,320
fbf9793ab5f6bd20.jpg,479,320,Squirrel,174,107,314,227
fc93698251a94ae4.jpg,479,320,Cat,4,0,479,320
fce759856c77592d.jpg,426,320,Cat,152,91,295,200
fd10daf3b88ca3a1.jpg,320,320,Cat,0,57,137,290
fd10daf3b88ca3a1.jpg,320,320,Cat,87,20,252,228
fd10daf3b88ca3a1.jpg,320,320,Cat,118,84,320,308
fd110de6801ecffd.jpg,517,320,Squirrel,0,46,432,288
fd43dd823acbe8ef.jpg,481,320,Cat,0,0,480,320
fd69b92644dd667e.jpg,426,320,Squirrel,21,51,333,263
fd87baf4fc1f9624.jpg,423,320,Cat,83,195,229,287
fd87baf4fc1f9624.jpg,423,320,Cat,149,95,213,162
fd87baf4fc1f9624.jpg,423,320,Cat,257,144,336,286
fdb65367f5a75134.jpg,425,320,Raccoon,25,45,413,255
fe27af58dc0ce877.jpg,426,320,Cat,0,66,387,245
fecaaafd703e59c4.jpg,319,320,Cat,69,162,295,299
fecd5098dd505692.jpg,479,320,Cat,171,137,241,187
fecd5098dd505692.jpg,479,320,Cat,291,218,338,296
fee2769e77184a90.jpg,312,320,Cat,39,45,175,320
feefb6267d68e599.jpg,479,320,Cat,0,75,395,320
feefb6267d68e599.jpg,479,320,Cat,103,31,416,320
f128d00a02d27b16.jpg,475,320,Cat,152,59,332,166
f1347b2cd822e987.jpg,316,320,Cat,102,5,296,301
f13582e761eda901.jpg,431,320,Fox,101,78,330,308
f142fca9c3dc6157.jpg,426,320,Cat,59,69,380,273
f1438deec58c52f0.jpg,212,320,Squirrel,51,84,140,166
f14e66996ed0010e.jpg,479,320,Fox,44,14,479,308
f14e73c4cd7c58bc.jpg,213,320,Cat,22,0,212,290
f150361bc4a8050f.jpg,191,320,Cat,15,118,96,227
f150361bc4a8050f.jpg,191,320,Cat,70,95,190,247
f1552957b2c31cf6.jpg,320,320,Cat,31,0,319,217
f15713c2005daec5.jpg,477,320,Cat,97,109,420,210
f16dc4a51ea58875.jpg,513,320,Cat,0,0,486,318
f180d1d6a348cd44.jpg,261,320,Cat,25,181,180,301
f184d0f3d4f54990.jpg,426,320,Cat,8,61,390,285
f18c914e0d60db86.jpg,426,320,Cat,67,13,408,317
f195d1a4ffa15d0a.jpg,320,320,Cat,16,66,319,319
f199a94abc12cc9a.jpg,425,320,Squirrel,4,7,275,319
f19b23caf6242e2c.jpg,479,320,Cat,188,109,474,319
f19e6db91a5e770a.jpg,205,320,Cat,5,18,196,298
f1a2c00d2d1f088e.jpg,456,320,Cat,74,142,213,259
f1a3568448a6d0c6.jpg,479,320,Cat,178,91,361,274
f1aa6ff7f3f638c0.jpg,533,320,Cat,0,147,234,248
f1aa6ff7f3f638c0.jpg,533,320,Cat,336,14,446,242
f1b0393391a68bc3.jpg,440,320,Cat,216,177,439,318
f1b0393391a68bc3.jpg,440,320,Cat,263,28,439,158
f1bd292f0de7284a.jpg,382,320,Fox,64,120,283,237
f1becdbfc468f055.jpg,479,320,Cat,73,141,406,305
f1bff61d676c0254.jpg,483,320,Squirrel,106,0,482,302
f1c344e24f23e5e7.jpg,426,320,Cat,129,164,425,317
f1c8f69bec4cb83d.jpg,240,320,Cat,0,0,239,317
f1cb86086027aaad.jpg,426,320,Cat,32,100,405,307
f1cb86086027aaad.jpg,426,320,Cat,78,29,191,122
f1cf0852e472d00e.jpg,479,320,Cat,136,72,277,314
f1d7e0967bba3441.jpg,483,320,Fox,47,73,282,313
f1da761c138e2adf.jpg,426,320,Cat,186,109,267,188
f1dbf9b5fc42ddee.jpg,457,320,Cat,270,168,308,233
f1ddfa6c4dcf8547.jpg,479,320,Fox,165,142,207,177
f1e5b4d4ab372a26.jpg,478,320,Cat,143,57,215,106
f1e5b4d4ab372a26.jpg,478,320,Cat,175,131,288,281
f1e7874fd4b3f7de.jpg,546,320,Cat,12,55,517,235
f1f016ea57714acd.jpg,240,320,Cat,0,0,239,144
f1f43c13f3eab765.jpg,398,320,Cat,0,33,397,287
f1fce0ed99765243.jpg,426,320,Cat,0,0,419,319
f2037a112251c186.jpg,426,320,Cat,55,14,354,196
f20cc873df4f11ad.jpg,479,320,Cat,97,115,156,141
f20cc873df4f11ad.jpg,479,320,Cat,195,97,289,139
f20cc873df4f11ad.jpg,479,320,Cat,302,97,359,125
f20da1c6002be8c9.jpg,460,320,Cat,66,0,459,319
f211465d1c878396.jpg,426,320,Cat,0,45,370,300
f21311f4b2e98171.jpg,426,320,Cat,0,65,193,319
f21311f4b2e98171.jpg,426,320,Cat,121,0,426,319
f21421388625bc53.jpg,384,320,Squirrel,70,53,307,319
f214eefbef46540b.jpg,479,320,Fox,23,2,352,319
f21aa6edab09bb33.jpg,426,320,Cat,212,20,426,262
f21b935ac3bfebf8.jpg,212,320,Cat,100,229,155,299
f21c4fe69c58942a.jpg,180,320,Cat,21,43,179,319
f221bf71f0111a3a.jpg,214,320,Cat,4,28,214,319
f223ba222ec57096.jpg,481,320,Cat,0,0,481,319
f2290be7be696cc0.jpg,480,320,Squirrel,110,76,351,316
f2294e421f1658aa.jpg,479,320,Cat,91,60,194,285
f230bfbd8ac7ef06.jpg,379,320,Cat,6,3,288,218
f236eaa9396a6e2c.jpg,594,320,Cat,72,112,541,302
f238a2b9ac497222.jpg,480,320,Cat,170,76,478,272
f23a20d0e72b3f1e.jpg,426,320,Cat,27,79,375,304
f240b600000bfde4.jpg,378,320,Squirrel,162,58,277,249
f24228a0f4f78a35.jpg,480,320,Fox,0,38,461,316
f24238f84bb5b137.jpg,426,320,Cat,0,59,363,318
f24dc634441a0088.jpg,423,320,Cat,4,57,337,316
f2502fb2ced2d276.jpg,477,320,Cat,160,190,374,266
f25963cad2527f99.jpg,426,320,Cat,88,92,217,226
f25963cad2527f99.jpg,426,320,Cat,176,93,319,216
f26058f82367ac69.jpg,320,320,Cat,33,25,300,306
f260a2544e85dfa0.jpg,320,320,Cat,66,52,289,278
f2679535d0a84474.jpg,230,320,Raccoon,68,26,210,293
f267a264ab70f059.jpg,479,320,Cat,362,64,415,216
f2687190f929988f.jpg,426,320,Cat,106,20,333,240
f26f3415b413e6b9.jpg,481,320,Squirrel,218,132,288,207
f2723bc465811859.jpg,426,320,Cat,37,81,322,274
f272a8e58c360add.jpg,480,320,Cat,0,0,480,319
f272d1adafd38390.jpg,519,320,Cat,74,38,379,202
f273bc6fc7c497e7.jpg,479,320,Squirrel,84,34,449,286
f27c0d4a7ac0e570.jpg,240,320,Cat,13,132,166,207
f2852df9bab212f5.jpg,426,320,Cat,73,49,369,282
f286dbcec7292222.jpg,451,320,Cat,55,14,410,289
f2891618dd8ca7a6.jpg,245,320,Cat,41,157,198,306
f28f7e0b8680a7e5.jpg,240,320,Cat,0,0,239,183
f28f7e0b8680a7e5.jpg,240,320,Cat,58,230,100,302
f28f7e0b8680a7e5.jpg,240,320,Cat,84,228,125,305
f28f7e0b8680a7e5.jpg,240,320,Cat,94,238,140,300
f28f7e0b8680a7e5.jpg,240,320,Cat,133,225,164,306
f29833695b7e0a1b.jpg,426,320,Cat,115,48,296,245
f29ded14a114fd03.jpg,481,320,Cat,0,0,480,319
f2a262a72e5aac8f.jpg,479,320,Cat,0,0,452,319
f2a81c0123047eba.jpg,214,320,Cat,0,0,213,319
f2ab48f0b4687471.jpg,426,320,Squirrel,131,80,275,235
f2ac339954066c30.jpg,213,320,Cat,57,215,103,288
f2aec51f398b6455.jpg,436,320,Cat,109,91,336,183
f2b8caed8f70b5e8.jpg,426,320,Squirrel,159,130,367,226
f2bb4eb22acd9caa.jpg,426,320,Cat,119,25,426,319
f2bdc766166a6a0d.jpg,426,320,Cat,0,0,425,319
f2c081ba1d2d4105.jpg,426,320,Cat,13,31,186,306
f2c081ba1d2d4105.jpg,426,320,Cat,227,35,424,308
f2ce1c6cb15603cf.jpg,426,320,Cat,0,0,426,319
f2ceed30eaa2972e.jpg,426,320,Squirrel,93,17,355,299
f2d0033095bdf0ca.jpg,426,320,Cat,247,17,426,320
f2d2ace02e752a1f.jpg,426,320,Cat,0,51,426,265
f2d94f74104df3ba.jpg,479,320,Squirrel,98,54,442,270
f2da05bffbe27dab.jpg,426,320,Cat,203,26,425,205
f2db7c4f00cdfd0e.jpg,320,320,Cat,82,40,212,173
f2dbbb9b99898340.jpg,426,320,Cat,246,139,320,196
f2e011bb7343ba37.jpg,426,320,Cat,4,0,426,319
f2f46e3a22f3f69b.jpg,426,320,Cat,38,15,214,319
f2f46e3a22f3f69b.jpg,426,320,Cat,192,15,397,257
f2fba77266cc4482.jpg,479,320,Cat,0,1,479,319
f2fe540d96183d00.jpg,447,320,Cat,0,35,356,319
f308b3cf27765bb3.jpg,426,320,Cat,57,39,396,287
f30b4a1000a835ac.jpg,426,320,Cat,0,0,426,319
f310ec7592c96daf.jpg,426,320,Cat,15,0,426,304
f31d69046f398b09.jpg,320,320,Cat,0,27,216,320
f31e2bbb45613e36.jpg,320,320,Cat,0,87,257,270
f3221e2bcb09b6ca.jpg,426,320,Squirrel,72,25,336,293
f32774444d60ddf9.jpg,391,320,Cat,0,0,338,261
f32822339d840df3.jpg,426,320,Cat,0,0,424,319
f3296d6d1bc59f9a.jpg,426,320,Cat,42,74,378,313
f32bd6865731055b.jpg,478,320,Cat,78,68,385,284
f32deec1b726a3ce.jpg,479,320,Cat,53,66,306,320
f3348744bb711212.jpg,311,320,Cat,0,0,192,135
f3348744bb711212.jpg,311,320,Cat,20,120,172,313
f3348744bb711212.jpg,311,320,Cat,132,82,304,308
f3359ce995e84457.jpg,483,320,Cat,46,61,105,200
f33c5a03a1ce1a64.jpg,479,320,Cat,35,2,425,319
f340c38aebcd5b6d.jpg,481,320,Cat,0,0,481,319
f34e43816559cc93.jpg,404,320,Cat,4,24,404,316
f34f10a5626579e4.jpg,479,320,Cat,247,38,479,319
f350fccdd5e05ab6.jpg,426,320,Fox,4,0,405,309
f35107b6fc90e2f8.jpg,426,320,Cat,0,0,401,319
f3552e76010ae053.jpg,345,320,Cat,21,69,242,300
f3552e76010ae053.jpg,345,320,Cat,102,154,236,303
f3552e76010ae053.jpg,345,320,Cat,187,166,320,302
f3552e76010ae053.jpg,345,320,Cat,274,206,330,285
f3593517454212b4.jpg,446,320,Squirrel,162,84,269,308
f359cd9e4de4d512.jpg,298,320,Cat,231,3,298,70
f35f8a165eb10f40.jpg,426,320,Cat,380,155,417,283
f35ff33b46d449cb.jpg,426,320,Cat,125,40,372,272
f3662bd98f566831.jpg,464,320,Squirrel,63,0,326,319
f36a40b8d64f74ff.jpg,479,320,Cat,203,102,447,319
f36b3b31f1a994da.jpg,426,320,Cat,72,34,395,319
f36d56abb5880317.jpg,320,320,Cat,0,2,317,281
f372c00a73886e06.jpg,426,320,Cat,40,195,205,288
f372c00a73886e06.jpg,426,320,Cat,221,198,380,305
f377428a7e25ffa9.jpg,426,320,Cat,10,115,304,257
f37798330d3eaf56.jpg,479,320,Cat,35,0,390,274
f37adcd1f12796e8.jpg,426,320,Cat,7,13,225,239
f37adcd1f12796e8.jpg,426,320,Cat,235,107,408,318
f37d1525404c5cff.jpg,479,320,Squirrel,176,90,372,319
f37fc5f9ce5411d6.jpg,481,320,Cat,0,238,56,319
f38a7fee0a9a2094.jpg,240,320,Cat,0,31,235,319
f38c1a0d78144098.jpg,426,320,Cat,17,0,293,263
f38d8b47e201eb97.jpg,400,320,Cat,79,106,290,226
f3962afbbf9e047f.jpg,427,320,Cat,51,30,426,264
f39bcdac2c058e94.jpg,480,320,Cat,173,69,281,111
f39f53f1340e5c54.jpg,481,320,Cat,140,152,262,270
f39f956693b116c4.jpg,213,320,Cat,12,37,213,319
f3a23dbfb5108988.jpg,479,320,Cat,0,34,479,319
f3ab20e7252eb51d.jpg,320,320,Cat,141,90,267,177
f3b517067627c850.jpg,453,320,Cat,140,15,452,319
f3b517067627c850.jpg,453,320,Cat,143,158,215,255
f3b8d79ed561c14d.jpg,213,320,Cat,24,175,91,260
f3b8d79ed561c14d.jpg,213,320,Cat,82,139,212,295
f3bb24ee56a8364f.jpg,426,320,Cat,54,0,330,319
f3c5ee2be7c00880.jpg,428,320,Cat,46,59,332,252
f3c751c0626d03ab.jpg,244,320,Squirrel,48,75,160,210
f3c9c4be011af1c8.jpg,320,320,Squirrel,43,17,239,311
f3ccffee062052f5.jpg,429,320,Cat,116,67,419,279
f3d3df02951ab60d.jpg,479,320,Cat,134,39,450,319
f3d592b33330e78f.jpg,426,320,Cat,0,0,370,319
f3d7ec0dfac39bc3.jpg,426,320,Cat,60,11,426,319
f3db71fd34df4633.jpg,426,320,Cat,72,69,165,172
f3ddb7c165dba9e6.jpg,426,320,Cat,0,0,398,319
f3e3c6c16be2dc67.jpg,426,320,Cat,0,6,350,319
f3e488bfcc192744.jpg,484,320,Cat,0,103,321,229
f3e4c39562b99993.jpg,426,320,Cat,0,16,324,319
f3e713bca390de14.jpg,232,320,Cat,114,14,223,110
f3f0425e9743d6ed.jpg,426,320,Cat,87,7,393,267
f3f18e036713216e.jpg,320,320,Cat,79,112,283,260
f4007b5885da985a.jpg,478,320,Cat,152,136,265,221
f4087a4c724071c8.jpg,426,320,Cat,20,60,271,281
f419b7d3184b8026.jpg,240,320,Cat,20,130,122,277
f41a7d92144669f8.jpg,240,320,Cat,30,6,164,301
f42b39dde70e921c.jpg,524,320,Squirrel,118,63,506,205
f42ca6d8d9685f98.jpg,426,320,Cat,73,123,271,283
f42ca6d8d9685f98.jpg,426,320,Cat,90,21,295,165
f4323baf876a4437.jpg,479,320,Cat,0,27,438,319
f4336923ad651f95.jpg,460,320,Cat,113,63,363,260
f4342977dece0237.jpg,320,320,Squirrel,60,29,147,147
f4342977dece0237.jpg,320,320,Squirrel,133,150,238,289
f438f13545cbb8b0.jpg,240,320,Cat,30,13,239,319
f43b191f7e7ac0c4.jpg,426,320,Cat,80,30,354,319
f4467bd48a9ec50b.jpg,479,320,Cat,0,95,359,198
f44920d6bdeee4d0.jpg,428,320,Cat,74,51,211,216
f44e546baf4a8597.jpg,320,320,Cat,0,3,319,319
f458b1fabd5da2c4.jpg,213,320,Cat,0,130,89,298
f45b2bd229f96834.jpg,210,320,Cat,36,28,208,94
f45b42e3cfaf47f8.jpg,426,320,Cat,24,0,425,306
f45f4f7e45db7ac7.jpg,479,320,Squirrel,115,49,367,307
f460611c60992544.jpg,479,320,Squirrel,19,6,340,278
f465f4609d3895b0.jpg,426,320,Cat,169,127,245,246
f467580754a7fa61.jpg,223,320,Cat,5,154,149,319
f46b055c094e00bd.jpg,568,320,Cat,125,162,466,278
f46b055c094e00bd.jpg,568,320,Cat,178,31,433,155
f47507d0ab684031.jpg,320,320,Cat,112,6,278,319
f479420ac3484fcb.jpg,481,320,Cat,0,94,236,296
f479420ac3484fcb.jpg,481,320,Cat,259,96,451,259
f47ccb503dc90627.jpg,426,320,Fox,133,125,247,215
f47e8f7d2a086792.jpg,426,320,Squirrel,0,19,273,319
f4843fa9801d3cec.jpg,485,320,Cat,55,9,478,319
f485436979134d4f.jpg,426,320,Cat,15,0,217,317
f4882cdcd478a6d6.jpg,477,320,Cat,164,55,473,319
f488f5fc5ac5f7e5.jpg,320,320,Cat,9,14,303,310
f491bde7cf2491d1.jpg,480,320,Cat,50,0,452,299
f4a189aabfa23293.jpg,479,320,Cat,142,0,479,319
f4a23e1c7ff225cc.jpg,448,320,Cat,7,54,350,283
f4a5c33450984554.jpg,479,320,Cat,0,63,167,314
f4add7bb2ee11f8d.jpg,240,320,Cat,0,30,239,203
f4ae61dcbc84416f.jpg,320,320,Cat,118,105,197,194
f4af9edab3a82d34.jpg,426,320,Cat,45,125,145,262
f4b06b2db7e3a6bf.jpg,426,320,Cat,42,142,132,219
f4b06b2db7e3a6bf.jpg,426,320,Cat,276,101,391,202
f4b329441fb4d8ce.jpg,426,320,Cat,180,121,250,168
f4be71b5c6f76bf3.jpg,479,320,Cat,33,44,479,289
f4beedf787145740.jpg,426,320,Cat,20,0,426,244
f4d4a6fa6bb99bc5.jpg,426,320,Cat,194,73,410,254
f4d8c2ab0e58000c.jpg,320,320,Cat,0,0,319,319
f4e83964821ae501.jpg,243,320,Squirrel,121,60,159,105
f4eb3b08025ab8a2.jpg,320,320,Cat,146,127,241,217
f4ed8a560e415a89.jpg,320,320,Cat,56,0,244,195
f4ef1e8c7fbecdf5.jpg,479,320,Cat,13,0,479,319
f4f233463aad75ef.jpg,240,320,Cat,0,0,239,319
f4f34f23810a0e11.jpg,488,320,Fox,165,101,401,293
f4f34f23810a0e11.jpg,488,320,Fox,6,172,121,294
f4f34f23810a0e11.jpg,488,320,Fox,345,188,477,272
f5041dfd8ac5b58c.jpg,329,320,Cat,48,83,254,235
f504f6c448e7921b.jpg,479,320,Cat,67,31,220,256
f504f6c448e7921b.jpg,479,320,Cat,150,35,408,294
f50af60d6a6ff715.jpg,426,320,Cat,0,0,347,319
f50c59f3768a4282.jpg,426,320,Cat,0,0,426,319
f5100cda416a77fd.jpg,479,320,Cat,29,0,353,319
f511bd6565f33383.jpg,426,320,Cat,117,117,337,319
f511f87f4b36f7a1.jpg,240,320,Cat,55,161,185,319
f511f87f4b36f7a1.jpg,240,320,Cat,95,40,166,70
f516ce206979b869.jpg,489,320,Cat,159,109,371,221
f517b2edbe9eb3eb.jpg,339,320,Cat,0,1,330,319
f51dfe7143d35748.jpg,426,320,Cat,124,37,366,234
f5201992466043cb.jpg,479,320,Cat,0,0,479,223
f527e52b56a00a10.jpg,426,320,Cat,175,157,259,193
f527e52b56a00a10.jpg,426,320,Cat,270,252,373,305
f527e52b56a00a10.jpg,426,320,Cat,316,119,387,162
f527e52b56a00a10.jpg,426,320,Cat,321,222,398,280
f529417cf7db71f5.jpg,483,320,Cat,0,36,308,319
f52945d8dc5ea111.jpg,426,320,Cat,89,90,304,319
f52b9e7013621808.jpg,429,320,Cat,86,65,341,291
f5321cefeb424f61.jpg,320,320,Cat,124,113,234,192
f539db9035190609.jpg,426,320,Cat,0,0,426,296
f53ed613da1f14aa.jpg,229,320,Cat,2,50,218,316
f5507d496c31ccc5.jpg,553,320,Cat,335,14,471,132
f550edf96be26707.jpg,479,320,Raccoon,147,105,303,319
f55b120e2f567c5c.jpg,320,320,Cat,0,0,319,287
f5614d49cf01d5ad.jpg,426,320,Cat,0,0,361,319
f566b755bba32532.jpg,426,320,Cat,77,0,426,276
f568b02e70640c54.jpg,482,320,Squirrel,101,24,330,282
f5789b8642caed4e.jpg,376,320,Cat,0,3,375,317
f57a74fed1d7149c.jpg,426,320,Squirrel,25,167,187,318
f57d2f46b6f1ac0b.jpg,479,320,Cat,173,44,397,272
f57d325762ceee33.jpg,479,320,Cat,10,0,479,277
f57e461d7e97b55f.jpg,428,320,Cat,102,15,428,319
f582d2efb1aeb8a3.jpg,320,320,Cat,73,88,231,247
f58762efd03a198f.jpg,320,320,Cat,168,87,255,230
f58e7174e332b1e7.jpg,392,320,Cat,122,30,391,319
f5908f5577513e89.jpg,426,320,Cat,104,102,328,304
f5918e69d3a04357.jpg,457,320,Cat,202,111,414,319
f59225d2e0dc5ff7.jpg,426,320,Cat,116,190,317,319
f5aa73640a1251f7.jpg,320,320,Cat,72,16,152,110
f5ae5d687b007709.jpg,490,320,Cat,25,177,176,247
f5ae5d687b007709.jpg,490,320,Cat,340,47,488,141
f5b131586358427c.jpg,248,320,Cat,8,34,241,295
f5b463cf21817d76.jpg,426,320,Cat,19,0,402,282
f5b51216fe14befb.jpg,457,320,Cat,250,98,340,162
f5b5af7151b203eb.jpg,320,320,Cat,60,0,257,181
f5b971f53961315c.jpg,240,320,Cat,22,101,172,255
f5bcd191988aeac6.jpg,316,320,Squirrel,35,10,235,210
f5be364af7ad8c76.jpg,305,320,Cat,0,33,274,319
f5c6cb333473ca33.jpg,426,320,Cat,0,0,426,319
f5c86d92370a5a1f.jpg,479,320,Fox,33,100,277,258
f5cd934cef35f0bc.jpg,568,320,Cat,171,9,393,319
f5cfe736440fed57.jpg,305,320,Cat,11,178,173,285
f5cfe736440fed57.jpg,305,320,Cat,22,66,165,187
f5cfe736440fed57.jpg,305,320,Cat,145,0,208,178
f5cfe736440fed57.jpg,305,320,Cat,166,183,296,318
f5cfe736440fed57.jpg,305,320,Cat,198,72,273,199
f5d1f634479ec6d1.jpg,426,320,Cat,0,105,112,319
f5d1f634479ec6d1.jpg,426,320,Cat,294,127,347,166
f5d7e5a41414f217.jpg,479,320,Cat,50,10,381,278
f5dc22f5b7da38e3.jpg,478,320,Cat,168,70,315,191
f5dc6f66c1b62682.jpg,310,320,Squirrel,114,77,221,240
f5e1325adbab6157.jpg,480,320,Squirrel,162,7,386,241
f5e497647d4db283.jpg,480,320,Squirrel,15,14,341,293
f5edeca3599fc288.jpg,426,320,Cat,95,33,401,264
f5f46134e12c9c25.jpg,250,320,Cat,76,181,248,305
f6051252a4674d65.jpg,426,320,Cat,128,110,260,203
f607fbe808eca7d7.jpg,481,320,Cat,0,0,389,319
f61e0dee8377d026.jpg,483,320,Cat,0,0,390,319
f62e4224ac46ad05.jpg,426,320,Cat,4,82,190,266
f62f5391eba02774.jpg,479,320,Cat,106,53,285,291
f6332951d1bdb0d5.jpg,479,320,Fox,61,84,322,267
f642e21c9599219e.jpg,472,320,Cat,299,118,367,237
f643e5c7a1c9d0d7.jpg,426,320,Raccoon,101,5,426,263
f647744bdcb885e2.jpg,213,320,Cat,52,89,97,156
f64984a9625d2d62.jpg,605,320,Cat,16,19,580,285
f64a4a7480b2aa45.jpg,483,320,Squirrel,184,154,468,265
f64fb91e52e8b725.jpg,426,320,Cat,74,54,291,240
f6504157f669aeb3.jpg,240,320,Fox,23,35,206,278
f65150c47c8b796c.jpg,426,320,Cat,0,52,426,270
f655a7aa9f6a9366.jpg,379,320,Cat,86,18,322,275
f655cfc4259c2ada.jpg,479,320,Cat,91,7,373,287
f656276435dc75e4.jpg,426,320,Cat,102,43,297,260
f65b0ab98e23745a.jpg,533,320,Cat,3,7,176,299
f65b0ab98e23745a.jpg,533,320,Cat,122,37,267,301
f65b0ab98e23745a.jpg,533,320,Cat,226,30,503,210
f65b0ab98e23745a.jpg,533,320,Cat,250,167,533,310
f663c7809f38ff72.jpg,481,320,Squirrel,1,59,240,292
f66bc6a8f1509d7d.jpg,426,320,Cat,126,0,321,175
f66bc6a8f1509d7d.jpg,426,320,Cat,68,117,140,262
f6715c10e298a149.jpg,512,320,Cat,6,5,433,319
f6757b40a9d14791.jpg,426,320,Cat,133,73,425,283
f6760f77ab8c969f.jpg,426,320,Cat,206,80,402,208
f676529ad35dac80.jpg,320,320,Cat,17,0,319,319
f67aebfb016e936c.jpg,320,320,Cat,17,0,319,319
f67ce9e273fb20d5.jpg,426,320,Cat,88,126,191,256
f67ce9e273fb20d5.jpg,426,320,Cat,177,128,272,264
f67e5218d51332bf.jpg,1067,320,Cat,0,0,320,318
f67e5218d51332bf.jpg,1067,320,Cat,326,0,655,199
f67e5218d51332bf.jpg,1067,320,Cat,716,0,1066,318
f67f9385dd5fe57f.jpg,426,320,Cat,139,107,335,256
f6833fafd3344624.jpg,426,320,Cat,0,102,206,231
f6856f1441e6cadd.jpg,568,320,Squirrel,17,47,368,287
f68767930b20a130.jpg,479,320,Cat,0,0,345,319
f6900d072d4589d7.jpg,426,320,Cat,0,0,425,320
f698f5f715090a80.jpg,463,320,Cat,312,180,446,263
f69978f9ee57c8c9.jpg,398,320,Cat,219,145,368,284
f69da6ded07a1434.jpg,426,320,Squirrel,18,0,426,295
f6a167533f7c7938.jpg,240,320,Fox,44,48,239,319
f6a39258bc38439b.jpg,426,320,Cat,40,0,396,319
f6a3d5d2eb22035c.jpg,426,320,Cat,156,167,372,319
f6a5d7cf48a9a091.jpg,426,320,Cat,157,38,310,294
f6ae14fee20fd3e6.jpg,479,320,Squirrel,76,29,268,309
f6b6d6ca67aa840b.jpg,426,320,Cat,0,0,425,306
f6c3cd59d7dec056.jpg,506,320,Cat,290,133,456,242
f6c84c3bd9adbcb4.jpg,320,320,Cat,41,181,100,223
f6c84c3bd9adbcb4.jpg,320,320,Cat,42,9,139,114
f6c84c3bd9adbcb4.jpg,320,320,Cat,215,181,282,283
f6c84c3bd9adbcb4.jpg,320,320,Cat,236,8,291,59
f6e145420974a4a5.jpg,391,320,Squirrel,160,129,251,236
f6f0568ef4e71fa8.jpg,409,320,Squirrel,41,37,389,317
f6f2bbe7cabde10d.jpg,213,320,Cat,102,192,179,242
f6f2bbe7cabde10d.jpg,213,320,Cat,79,196,130,311
f6f52f9c245d04d7.jpg,426,320,Cat,103,19,387,218
f6f6e1c786b88bc0.jpg,428,320,Cat,124,111,427,319
f707c36084a0c120.jpg,246,320,Squirrel,98,49,135,118
f7144397996d0d57.jpg,426,320,Cat,0,54,387,275
f71722b56784760f.jpg,426,320,Cat,111,24,232,152
f71722b56784760f.jpg,426,320,Cat,113,102,267,319
f71722b56784760f.jpg,426,320,Cat,227,16,303,140
f71722b56784760f.jpg,426,320,Cat,282,0,425,318
f7230b4c67c7a897.jpg,481,320,Cat,235,157,276,201
f7230b4c67c7a897.jpg,481,320,Cat,275,95,336,197
f7287ab71c795094.jpg,426,320,Cat,93,135,294,314
f72bbfb0a7e461ed.jpg,213,320,Cat,65,196,124,250
f72bdeeb364a26b8.jpg,479,320,Cat,23,39,199,276
f72bdeeb364a26b8.jpg,479,320,Cat,179,144,459,298
f72bdeeb364a26b8.jpg,479,320,Cat,184,20,299,211
f72d389536da1196.jpg,213,320,Cat,0,0,213,211
f72fb3de9f56bb4d.jpg,479,320,Cat,15,43,448,280
f738a3bbf8ad3387.jpg,320,320,Cat,0,0,319,319
f73d10f869304741.jpg,212,320,Cat,8,18,193,311
f7439bc047148156.jpg,243,320,Cat,20,25,238,315
f748d3718ca99c35.jpg,270,320,Cat,68,25,232,259
f74fdf61d761cc03.jpg,480,320,Cat,0,0,473,319
f75b57b3867d71d7.jpg,240,320,Cat,120,25,217,259
f75d711ec46ba95b.jpg,479,320,Cat,303,146,432,319
f75e639b15c884af.jpg,426,320,Cat,122,88,334,200
f7606e21f396c684.jpg,530,320,Cat,77,107,487,305
f765f2ab30b1b6b6.jpg,426,320,Cat,48,95,303,267
f7691fe8019e4248.jpg,305,320,Cat,13,130,190,280
f7691fe8019e4248.jpg,305,320,Cat,35,35,148,116
f7691fe8019e4248.jpg,305,320,Cat,135,47,304,168
f76c28f07c7bd609.jpg,426,320,Cat,172,80,284,236
f77349a4a9441b74.jpg,436,320,Cat,193,75,341,245
f77bb9a9c612e3f1.jpg,231,320,Cat,23,117,160,319
f77da25e2c8cf7a8.jpg,426,320,Cat,135,0,425,240
f7833f40eb42fb7b.jpg,426,320,Cat,167,108,209,224
f7850314ade61c72.jpg,336,320,Cat,6,31,314,304
f78bcee83fd91cea.jpg,447,320,Cat,151,10,298,100
f794b519e25789cf.jpg,479,320,Cat,120,39,239,253
f794f7c50b1f99e8.jpg,426,320,Cat,22,0,275,239
f7999805aad1ef7b.jpg,320,320,Cat,56,5,223,288
f7b92d44fc93811b.jpg,481,320,Cat,176,123,382,236
f7ba238169b3473d.jpg,426,320,Cat,130,76,312,319
f7be165cec84687c.jpg,366,320,Cat,0,0,225,205
f7be165cec84687c.jpg,366,320,Cat,35,15,366,292
f7bf38ab5f08756a.jpg,426,320,Cat,129,147,276,250
f7c40a1a34ddd45c.jpg,426,320,Cat,0,0,425,319
f7c8dd703c3192b9.jpg,426,320,Squirrel,35,108,363,220
f7cdd0f6a56ff544.jpg,426,320,Cat,39,44,342,300
f7ce273a16df3dd7.jpg,213,320,Cat,0,45,154,319
f7ce6b40dea4fcc3.jpg,479,320,Cat,0,0,479,290
f7cf5abc5fdb5a38.jpg,426,320,Cat,7,0,426,319
f7da10af07e3f0d1.jpg,569,320,Cat,264,50,395,240
f7dd292dc6621c79.jpg,228,320,Cat,21,10,198,265
f7ddb0b705f08b0e.jpg,426,320,Cat,2,45,344,319
f7de690f972087a5.jpg,567,320,Cat,0,109,264,319
f7e6b137b9d11654.jpg,426,320,Cat,0,0,395,233
f7e7036ae1fa8ff9.jpg,426,320,Cat,57,150,183,245
f7e7036ae1fa8ff9.jpg,426,320,Cat,143,65,205,125
f7e7036ae1fa8ff9.jpg,426,320,Cat,179,157,214,184
f7e7036ae1fa8ff9.jpg,426,320,Cat,262,157,287,175
f7e7036ae1fa8ff9.jpg,426,320,Cat,262,177,366,236
f7e7036ae1fa8ff9.jpg,426,320,Cat,328,126,395,226
f7e71b714f18a026.jpg,481,320,Cat,152,0,480,319
f7e77a1389999076.jpg,426,320,Cat,111,127,168,248
f7e77a1389999076.jpg,426,320,Cat,165,41,236,156
f7ed5d644ae1f553.jpg,479,320,Cat,0,0,341,319
f7fd113ad207ad6a.jpg,210,320,Raccoon,35,180,193,261
f7fe43a08cdd31e2.jpg,426,320,Cat,306,194,369,285
f8004c757ab98e46.jpg,568,320,Cat,45,51,320,260
f8012fff05dce480.jpg,426,320,Cat,97,21,406,319
f802673d93c6f46a.jpg,426,320,Cat,15,0,278,192
f8132da99e15050d.jpg,481,320,Cat,63,0,442,319
f8137a7ba41c102f.jpg,209,320,Cat,48,90,198,318
f8187a0278b792a4.jpg,426,320,Cat,121,73,336,175
f81dd749794f5733.jpg,347,320,Cat,111,80,237,186
f8247bbea5da0228.jpg,214,320,Cat,30,100,177,239
f83db9fcf19ba113.jpg,426,320,Cat,0,78,265,260
f83db9fcf19ba113.jpg,426,320,Cat,197,45,426,304
f83e8d58672c945f.jpg,426,320,Cat,69,52,246,282
f83ea27f735fa0d9.jpg,589,320,Squirrel,119,118,353,258
f842e92a7cbcd19c.jpg,476,320,Cat,20,120,294,243
f8437f39847fa7cd.jpg,479,320,Squirrel,186,99,273,186
f8444816587710ed.jpg,481,320,Cat,9,13,424,319
f85a0817430d16a1.jpg,426,320,Cat,137,74,276,213
f8692e5417c7000e.jpg,478,320,Cat,0,6,477,319
f86c84ec0bafae25.jpg,205,320,Cat,85,0,195,188
f86e76ba3b48b880.jpg,426,320,Cat,22,156,133,262
f870c435472210da.jpg,426,320,Cat,0,0,425,291
f8748930e0293267.jpg,426,320,Cat,80,80,426,318
f87c842335c764ef.jpg,426,320,Cat,44,181,160,255
f87c842335c764ef.jpg,426,320,Cat,152,171,253,240
f87c842335c764ef.jpg,426,320,Cat,267,161,372,241
f87c842335c764ef.jpg,426,320,Cat,338,110,426,209
f87cd53325d2d0d2.jpg,569,320,Cat,81,136,534,222
f87d8392dfda15e9.jpg,240,320,Cat,82,50,197,177
f88f7ef308dfdf48.jpg,240,320,Cat,4,2,239,319
f896504be716b9e5.jpg,426,320,Cat,0,20,376,319
f89893902b245808.jpg,426,320,Cat,327,216,381,310
f8997e51a3807ff3.jpg,320,320,Cat,57,104,319,312
f899a30e8d042203.jpg,479,320,Cat,7,67,333,319
f8a1c73bf75e9807.jpg,480,320,Cat,0,26,375,319
f8a2d67b5bb6d485.jpg,479,320,Cat,0,0,300,307
f8a9a6317a59d680.jpg,479,320,Cat,169,34,479,319
f8a9dad95c045a0b.jpg,481,320,Cat,0,58,378,260
f8ab0607f6306e9e.jpg,240,320,Cat,93,85,196,247
f8b742e10b02a1c8.jpg,479,320,Cat,140,88,456,229
f8b956dcb987e581.jpg,320,320,Cat,23,91,191,275
f8b959a6be7451a8.jpg,568,320,Cat,76,0,515,313
f8bad88d9b3f6522.jpg,479,320,Fox,47,131,352,247
f8bd831557ec422d.jpg,426,320,Cat,66,14,426,319
f8c30d5c9c0e5e22.jpg,426,320,Cat,0,16,418,318
f8c3de4f521f898f.jpg,400,320,Cat,25,37,376,255
f8d87235331d22f5.jpg,426,320,Cat,35,0,426,319
f8d8f20b1cf93897.jpg,480,320,Cat,2,135,183,295
f8d8f20b1cf93897.jpg,480,320,Cat,221,138,337,295
f8d948e276974d25.jpg,391,320,Cat,35,0,331,318
f8dbd18928762f08.jpg,320,320,Cat,0,10,252,320
f8e160710bad02bb.jpg,479,320,Cat,130,55,316,247
f8e466c52eee9158.jpg,213,320,Cat,52,83,213,319
f8e5f92353a17991.jpg,426,320,Cat,77,43,358,293
f8e9230ca8ad0841.jpg,479,320,Cat,137,27,349,319
f8ecc6397a750f3b.jpg,479,320,Cat,178,73,479,263
f8f262578d79202a.jpg,240,320,Cat,0,0,239,319
f8f327bdad622982.jpg,234,320,Cat,41,0,234,243
f8f327bdad622982.jpg,234,320,Cat,56,139,234,269
f8f6be38043a4eb8.jpg,426,320,Raccoon,187,28,282,125
f902e58e7e7a3bf3.jpg,482,320,Cat,177,100,356,266
f905a3a171922445.jpg,479,320,Cat,160,220,284,292
f905a3a171922445.jpg,479,320,Cat,208,130,273,185
f905a3a171922445.jpg,479,320,Cat,228,163,395,280
f905a3a171922445.jpg,479,320,Cat,293,36,406,186
f9085e477b04193d.jpg,426,320,Cat,82,17,279,319
f9085e477b04193d.jpg,426,320,Cat,179,54,306,257
f90f1789b1d3dde7.jpg,479,320,Squirrel,237,134,275,238
f911855c1730213b.jpg,212,320,Cat,1,77,176,279
f9162f75a8c9d874.jpg,212,320,Cat,74,135,196,276
f920fa30647e1f88.jpg,320,320,Cat,78,0,278,311
f9234b17c81be61e.jpg,486,320,Cat,337,163,431,226
f923ec22a92ced47.jpg,320,320,Cat,127,42,185,130
f927bfafa4227ffb.jpg,479,320,Cat,55,66,425,238
f927bfafa4227ffb.jpg,479,320,Cat,84,43,422,319
f93776e5b997fc81.jpg,426,320,Cat,150,82,305,232
f942ec927d1d7de1.jpg,426,320,Cat,24,0,425,319
f94f452bda3b6c9f.jpg,320,320,Cat,0,91,153,157
f94f452bda3b6c9f.jpg,320,320,Cat,226,89,319,168
f94fa9fede40efb3.jpg,477,320,Cat,27,0,368,319
f95636b75d489920.jpg,426,320,Cat,181,98,304,230
f957b81c4b5546a5.jpg,240,320,Cat,93,113,121,147
f958375e1dec35b4.jpg,320,320,Cat,0,0,319,295
f95f57f7edecfe95.jpg,426,320,Squirrel,0,0,341,319
f96cf45e1615f166.jpg,428,320,Cat,35,105,405,284
f96cf45e1615f166.jpg,428,320,Cat,52,16,384,124
f96fb58dbb127e35.jpg,481,320,Cat,146,14,480,320
f970de859fe534f2.jpg,426,320,Cat,0,0,426,319
f973d3ff8e209f16.jpg,426,320,Cat,101,44,426,319
f97d93bdb95412da.jpg,633,320,Cat,171,161,317,242
f97d93bdb95412da.jpg,633,320,Cat,435,160,596,246
f983607d523fafe3.jpg,426,320,Cat,281,152,355,225
f9888f8270df39ed.jpg,494,320,Cat,11,61,487,216
f9918cdcb41f121f.jpg,478,320,Cat,71,34,430,296
f998e87c8bb9382e.jpg,400,320,Cat,17,78,360,319
f998e87c8bb9382e.jpg,400,320,Cat,197,5,399,282
f999eb3d538e2918.jpg,360,320,Squirrel,96,34,359,315
f99e18160e69bf13.jpg,395,320,Cat,47,0,370,319
f9bc52f22c02eef3.jpg,426,320,Cat,8,11,426,304
f9c693c5546541ac.jpg,263,320,Cat,30,25,232,319
f9db0a7d9c42a3c1.jpg,426,320,Cat,94,135,195,232
f9db0a7d9c42a3c1.jpg,426,320,Cat,177,128,310,225
f9db0a7d9c42a3c1.jpg,426,320,Cat,276,85,410,251
f9db0a7d9c42a3c1.jpg,426,320,Cat,375,36,426,266
f9dd2e10b0bb3d46.jpg,320,320,Cat,58,114,312,314
f9de4d71e8716b5c.jpg,479,320,Cat,204,2,465,280
f9df16aa232fc646.jpg,426,320,Cat,47,104,425,225
f9fde6d2ae393172.jpg,482,320,Cat,227,64,349,277
fa02579dc5a50568.jpg,395,320,Cat,101,66,253,202
fa02579dc5a50568.jpg,395,320,Cat,28,90,137,162
fa02579dc5a50568.jpg,395,320,Cat,214,108,371,228
fa0cf435493f9202.jpg,426,320,Cat,290,76,346,147
fa10682caae158b5.jpg,479,320,Cat,0,0,479,319
fa13a3afdeb55ccf.jpg,320,320,Cat,20,0,291,319
fa1b29b871ab3a73.jpg,426,320,Cat,0,0,426,313
fa1f3909afeb3145.jpg,455,320,Cat,10,66,436,266
fa1f3909afeb3145.jpg,455,320,Cat,142,19,246,170
fa211527d5123e4a.jpg,481,320,Squirrel,29,3,480,308
fa223b57ec3af43a.jpg,389,320,Fox,166,90,380,319
fa223d64632dda4d.jpg,426,320,Cat,22,0,426,319
fa261d4a2d5cbbe5.jpg,426,320,Cat,118,0,297,319
fa2a698c6130d328.jpg,480,320,Squirrel,44,10,444,292
fa2f3e9416f38079.jpg,240,320,Cat,29,0,239,293
fa3672cb3951db34.jpg,479,320,Cat,0,0,479,319
fa517165687477b5.jpg,426,320,Cat,79,118,320,222
fa520cd9b64a0ad1.jpg,481,320,Cat,0,0,480,319
fa57c35dc248fee6.jpg,320,320,Cat,60,47,276,309
fa57cc2c0652c328.jpg,384,320,Squirrel,27,6,289,294
fa612158a0487901.jpg,426,320,Cat,35,113,390,304
fa62c8fbbb759cf0.jpg,479,320,Cat,0,37,374,319
fa6adf818f5b07fc.jpg,936,320,Cat,113,0,469,286
fa6adf818f5b07fc.jpg,936,320,Cat,482,6,926,313
fa70330e68a9b2e1.jpg,320,320,Cat,47,80,319,228
fa74627eb1ad65b1.jpg,320,320,Cat,8,57,154,191
fa762a2a1d97b6b8.jpg,457,320,Cat,81,57,175,185
fa81e55e46c3b632.jpg,320,320,Cat,38,75,265,290
fa9aa0a143964626.jpg,426,320,Squirrel,65,11,391,319
fa9b9c26a2d07fff.jpg,320,320,Cat,10,90,319,225
fa9dc8c628151c11.jpg,426,320,Squirrel,94,7,221,272
faa0cf88561e3420.jpg,225,320,Cat,20,199,96,317
faa47c79bc1a4049.jpg,477,320,Cat,200,179,254,259
faa969dac76b2fab.jpg,426,320,Cat,82,0,388,319
fac956e830fd6351.jpg,426,320,Cat,35,96,357,300
fad87cb2e6443428.jpg,426,320,Cat,27,42,214,238
fad87cb2e6443428.jpg,426,320,Cat,138,71,388,223
fae19529a1609888.jpg,480,320,Squirrel,60,9,479,318
fae1d9f062e08f90.jpg,426,320,Cat,119,8,282,315
fae28373d2c37873.jpg,240,320,Cat,57,105,154,273
fae5e369f6d82c28.jpg,480,320,Cat,0,0,479,319
faeec28905bbe645.jpg,211,320,Cat,81,125,115,190
faf0b5ed0e8817d8.jpg,461,320,Squirrel,116,136,178,209
faf5a377c4681d52.jpg,320,320,Cat,0,0,318,269
faff1315195af522.jpg,426,320,Cat,0,27,303,319
faffc875ecbf3214.jpg,426,320,Cat,49,60,196,301
faffc875ecbf3214.jpg,426,320,Cat,120,71,356,272
fb10f0260947cb86.jpg,426,320,Cat,0,97,396,247
fb12c4036e8d6edd.jpg,426,320,Squirrel,73,0,318,260
fb1311ad448f2c42.jpg,472,320,Cat,0,0,455,319
fb137b14a779e27d.jpg,479,320,Cat,118,87,296,220
fb146a7fb18ed316.jpg,479,320,Cat,17,92,469,274
fb1514924967440d.jpg,426,320,Cat,67,82,332,270
fb1f9f722d713d86.jpg,425,320,Cat,0,7,319,278
fb214f60144a9d09.jpg,481,320,Cat,140,0,356,239
fb2a5a8338aab294.jpg,479,320,Cat,155,0,479,319
fb2c9d736f7e52f5.jpg,482,320,Cat,124,93,441,319
fb2e80d4b5541758.jpg,426,320,Cat,0,0,426,289
fb33086dfcd56eca.jpg,651,320,Cat,481,0,624,223
fb37294012c4b746.jpg,320,320,Cat,0,5,206,236
fb37294012c4b746.jpg,320,320,Cat,170,46,319,285
fb44efed957a5e1c.jpg,531,320,Cat,0,31,354,307
fb44efed957a5e1c.jpg,531,320,Cat,313,23,530,231
fb4db97922cb6e92.jpg,483,320,Cat,0,0,446,293
fb4f92ea20764fb2.jpg,426,320,Cat,0,21,325,319
fb5ed317eb22476e.jpg,214,320,Cat,0,82,206,280
fb638d7a73c3f425.jpg,426,320,Squirrel,189,118,237,178
fb6d5ccb1a13742e.jpg,426,320,Cat,0,162,213,319
fb71711ffb2aeb3f.jpg,568,320,Cat,480,36,525,93
fb7561b2ba857ccb.jpg,479,320,Cat,174,70,262,154
fb813189d9db6b46.jpg,478,320,Squirrel,211,149,367,226
fb86a16510c7f1ad.jpg,479,320,Cat,37,32,479,281
fb8b90d99af0d020.jpg,425,320,Cat,5,12,355,318
fb90250ef94294a3.jpg,511,320,Cat,0,0,510,319
fb9d87619eab8517.jpg,423,320,Cat,65,23,400,312
fb9def409dc9d00e.jpg,480,320,Fox,8,76,263,259
fba40923068fae88.jpg,426,320,Cat,70,33,392,319
fba509fe6cf3c854.jpg,371,320,Cat,176,127,345,218
fba5a6b5f99f4753.jpg,427,320,Cat,0,40,260,319
fba8daf4c4970598.jpg,426,320,Cat,36,21,425,294
fbabb41119eeeb4d.jpg,479,320,Fox,180,93,451,305
fbac058059e63aaf.jpg,474,320,Cat,37,62,279,248
fbb0d4b7fdb821e6.jpg,426,320,Cat,0,0,423,316
fbb7c42fbbbb0cb1.jpg,479,320,Cat,59,9,476,319
fbbc38a57c5aaa67.jpg,438,320,Squirrel,0,1,298,319
fbc022b78f95a033.jpg,426,320,Cat,121,152,289,247
fbc1e62959cca0c2.jpg,240,320,Cat,0,0,239,319
fbc4b28dab156c16.jpg,426,320,Cat,16,67,302,287
fbcdd995e4c4a450.jpg,426,320,Cat,260,55,374,162
fbce26f62d6a20b4.jpg,481,320,Cat,29,46,328,220
fbce26f62d6a20b4.jpg,481,320,Cat,150,80,459,231
fbdbb80c21bbeeb6.jpg,478,320,Cat,162,193,226,279
fbdbb80c21bbeeb6.jpg,478,320,Cat,298,242,380,314
fbdfab78718a7707.jpg,483,320,Cat,0,0,482,319
fbec08ab7e656e82.jpg,426,320,Cat,189,69,421,209
fbf40313bb25396c.jpg,426,320,Cat,56,28,425,316
fc01c5a005193c52.jpg,485,320,Cat,110,59,485,320
fc0227c319df92bd.jpg,426,320,Squirrel,0,130,177,319
fc03c475f4fc7647.jpg,476,320,Cat,93,80,386,243
fc040d0a15969dd7.jpg,426,320,Cat,222,130,277,311
fc09a630fd5dd2dd.jpg,320,320,Cat,137,183,294,290
fc0a1ca25c35baef.jpg,391,320,Cat,62,79,219,195
fc0e8101808bfe04.jpg,213,320,Cat,0,90,68,197
fc0e8101808bfe04.jpg,213,320,Cat,60,0,128,85
fc0e8101808bfe04.jpg,213,320,Cat,77,190,200,319
fc0e8101808bfe04.jpg,213,320,Cat,115,138,148,203
fc1dde1c7531c298.jpg,214,320,Cat,0,47,112,294
fc22d1d2e215bae7.jpg,325,320,Cat,19,0,302,319
fc407f5bda244490.jpg,426,320,Cat,90,0,426,319
fc438d1490dffe32.jpg,479,320,Cat,107,7,375,319
fc55f2b906ddca27.jpg,426,320,Cat,56,0,426,319
fc58f58c8c8f92f1.jpg,481,320,Squirrel,35,100,179,297
fc672e90f88f0daa.jpg,482,320,Cat,4,173,407,269
fc672e90f88f0daa.jpg,482,320,Cat,199,103,284,216
fc6e5a1e495c2efb.jpg,479,320,Cat,92,43,401,303
fc6f4ac2862794c0.jpg,477,320,Cat,0,71,460,263
fc72d8eabfd78b2d.jpg,426,320,Cat,61,13,426,256
fc7aeafc9f12599d.jpg,254,320,Cat,18,136,130,260
fc7e7b807be78353.jpg,426,320,Cat,2,33,190,162
fc7e7b807be78353.jpg,426,320,Cat,24,122,165,319
fc7e7b807be78353.jpg,426,320,Cat,165,160,394,319
fc7e7b807be78353.jpg,426,320,Cat,240,0,426,240
fc8c70217faf3c4b.jpg,426,320,Cat,273,0,425,282
fc920920c15be470.jpg,320,320,Cat,110,151,206,319
fc9306c3a07517f7.jpg,426,320,Cat,0,36,401,230
fc94445dd3fd4d4c.jpg,343,320,Cat,0,19,250,268
fc94445dd3fd4d4c.jpg,343,320,Cat,197,115,342,290
fca125528cc12061.jpg,320,320,Cat,44,17,292,319
fca63ece76c99dca.jpg,426,320,Cat,62,46,375,277
fca70ace8c03e500.jpg,213,320,Fox,81,25,189,260
fcba778e8054af5f.jpg,479,320,Cat,30,44,473,311
fcbc4674b5f3b6f2.jpg,426,320,Fox,30,2,408,319
fcc0748e945896f1.jpg,481,320,Cat,190,43,480,319
fcc3b39475ee0f59.jpg,240,320,Cat,48,13,215,237
fcc4cb9d6aa675b9.jpg,320,320,Cat,0,58,300,310
fcc98a196d081c2a.jpg,217,320,Squirrel,0,0,217,317
fcce6a5149cab386.jpg,456,320,Cat,101,88,366,215
fcd123732d53c38f.jpg,568,320,Cat,193,53,450,313
fcd49e63fc1c3fc5.jpg,426,320,Cat,112,0,426,318
fcdca9faf57e59f4.jpg,426,320,Cat,95,126,414,212
fcdcf08eab799099.jpg,568,320,Squirrel,155,88,339,239
fce04b7d89453fa5.jpg,240,320,Squirrel,86,147,134,202
fce1369b333f96a3.jpg,426,320,Cat,48,189,250,263
fce7a44ed27a7371.jpg,426,320,Cat,133,45,299,288
fce90656268acf12.jpg,447,320,Squirrel,149,113,416,225
fce90656268acf12.jpg,447,320,Squirrel,179,140,416,278
fcf06a867d94ea0f.jpg,205,320,Cat,89,152,167,258
fcf6499ff36845d3.jpg,426,320,Cat,43,107,196,203
fcf6499ff36845d3.jpg,426,320,Cat,125,145,392,319
fcf69ab487704253.jpg,481,320,Cat,179,45,322,210
fcf9bc983388dd32.jpg,426,320,Cat,42,47,408,250
fd00ac5735d29533.jpg,426,320,Cat,156,126,299,207
fd02ae56f5fe3527.jpg,186,320,Cat,15,112,70,224
fd0abd8d73914dec.jpg,320,320,Cat,46,23,319,319
fd0c39f8af7fb4b1.jpg,503,320,Cat,79,155,243,295
fd16fc0927882370.jpg,426,320,Cat,39,66,396,211
fd1f1f16abef51b2.jpg,512,320,Cat,163,30,407,280
fd20aa2b140ccfff.jpg,479,320,Cat,30,34,331,292
fd320d58709221e6.jpg,479,320,Cat,0,0,479,319
fd37556c2025eba0.jpg,420,320,Squirrel,4,0,351,292
fd3bb3225811a43c.jpg,426,320,Cat,52,111,214,300
fd3bb3225811a43c.jpg,426,320,Cat,101,128,307,300
fd42d4bab1b834dc.jpg,487,320,Cat,70,107,292,276
fd469639dd15efeb.jpg,255,320,Cat,52,40,178,98
fd47394c156775d2.jpg,563,320,Cat,267,107,506,235
fd4873a6f5f341d8.jpg,426,320,Cat,38,0,378,298
fd588946c6c68347.jpg,320,320,Cat,21,77,124,183
fd6a8cdcd344b7e7.jpg,479,320,Cat,182,96,475,238
fd6b43fbe1aca24c.jpg,428,320,Cat,45,26,384,295
fd6f455dd592fb21.jpg,320,320,Cat,0,0,319,319
fd7746ad82c8416b.jpg,426,320,Cat,0,32,355,319
fd7f16278aeaadc0.jpg,427,320,Squirrel,166,42,293,172
fd8c39df38df3651.jpg,400,320,Cat,122,72,386,319
fd908f9bd04d5b46.jpg,479,320,Cat,100,51,206,269
fd908f9bd04d5b46.jpg,479,320,Cat,193,134,479,282
fd9d564911dcf2c2.jpg,427,320,Cat,81,82,283,247
fda0b682fa23ff95.jpg,364,320,Cat,0,0,364,319
fda4dceafd20878f.jpg,426,320,Cat,18,72,372,316
fda8327d057c6cfa.jpg,426,320,Cat,199,162,253,227
fdac7149f1360ff4.jpg,426,320,Cat,95,224,214,319
fdac7149f1360ff4.jpg,426,320,Cat,213,91,278,141
fdb4aac114c1b787.jpg,320,320,Cat,36,47,251,319
fdb4e1f177ef33b0.jpg,481,320,Cat,159,109,302,219
fdb65502200399e5.jpg,426,320,Cat,106,112,285,196
fdb9b6d5ce132834.jpg,481,320,Cat,25,43,374,312
fdbb551c1a755b72.jpg,481,320,Cat,10,22,481,319
fdc66f0f1c272340.jpg,426,320,Cat,32,79,183,180
fdc66f0f1c272340.jpg,426,320,Cat,159,67,241,216
fdc66f0f1c272340.jpg,426,320,Cat,236,134,357,278
fdc78a954fcff502.jpg,240,320,Cat,28,109,201,197
fdd2d5da7064363a.jpg,320,320,Cat,8,34,319,319
fdd4057a1d540f25.jpg,213,320,Cat,22,145,184,319
fdd4e6c004d29f90.jpg,480,320,Cat,117,20,480,315
fdd5e08e405e7c6c.jpg,479,320,Fox,146,94,353,219
fddecacf6888b7ad.jpg,320,320,Cat,117,137,186,194
fde60d9b0faf1f08.jpg,426,320,Cat,44,63,322,290
fde7dde47d64da76.jpg,252,320,Cat,0,32,252,319
fde886691a1d7788.jpg,479,320,Squirrel,160,99,371,308
fde8e42fca9f0aa0.jpg,426,320,Squirrel,143,88,286,247
fdec13499d3a0a57.jpg,479,320,Cat,119,0,479,295
fded1e01785b4cec.jpg,320,320,Cat,47,155,240,241
fdfe8831ac8851df.jpg,426,320,Cat,32,8,350,319
fe0125e7f8e840d8.jpg,568,320,Cat,109,75,568,238
fe036b467ab8fc5d.jpg,483,320,Cat,130,125,253,302
fe036b467ab8fc5d.jpg,483,320,Cat,170,85,289,146
fe0775040b901026.jpg,426,320,Cat,196,49,321,247
fe08ce283ed9fe00.jpg,508,320,Cat,329,208,406,259
fe08ce283ed9fe00.jpg,508,320,Cat,178,168,218,194
fe08ce283ed9fe00.jpg,508,320,Cat,420,163,463,189
fe0a0c02c79d05f7.jpg,481,320,Cat,73,0,481,319
fe1374a224faeacd.jpg,481,320,Cat,175,82,348,246
fe210794f2c8bdc2.jpg,426,320,Cat,160,82,194,105
fe25ad8d0ed136b8.jpg,426,320,Cat,0,58,145,239
fe25ad8d0ed136b8.jpg,426,320,Cat,125,64,221,177
fe25ad8d0ed136b8.jpg,426,320,Cat,220,74,311,180
fe25ad8d0ed136b8.jpg,426,320,Cat,280,37,411,189
fe2da97881a1693e.jpg,320,320,Cat,49,134,220,249
fe36ecce6ddb7188.jpg,428,320,Cat,2,154,84,197
fe36ecce6ddb7188.jpg,428,320,Cat,68,157,154,221
fe36ecce6ddb7188.jpg,428,320,Cat,208,135,282,168
fe36ecce6ddb7188.jpg,428,320,Cat,278,102,320,120
fe396d920316cdb5.jpg,320,320,Fox,11,171,175,296
fe455ccf3434a227.jpg,228,320,Squirrel,72,8,228,294
fe4798678d7bf6a9.jpg,426,320,Cat,0,0,425,318
fe4a45cc0f667e54.jpg,434,320,Cat,0,0,241,319
fe4a45cc0f667e54.jpg,434,320,Cat,234,0,411,319
fe4b3a3a557ef70a.jpg,212,320,Cat,0,0,212,319
fe4c464807584773.jpg,426,320,Cat,0,0,347,319
fe4e8c6f2e67f5b7.jpg,488,320,Squirrel,37,93,383,277
fe55c69f988caac4.jpg,320,320,Cat,0,0,320,320
fe586a1c02470ce6.jpg,481,320,Cat,97,19,427,319
fe5ae4dc78b93e66.jpg,320,320,Cat,0,2,293,179
fe61b7a25f016cbe.jpg,213,320,Cat,40,21,180,292
fe641dc924c93451.jpg,426,320,Cat,157,108,425,319
fe6a1941de1a08dc.jpg,483,320,Cat,0,5,438,319
fe6bd1989a48468b.jpg,426,320,Squirrel,101,43,324,288
fe6f9e179dc94bd1.jpg,245,320,Cat,0,0,245,319
fe6fb5fe40f86916.jpg,426,320,Cat,350,145,408,222
fe70f7d1e6b953e6.jpg,240,320,Cat,80,125,179,176
fe77b8cbe4c6b172.jpg,214,320,Cat,0,0,213,295
fe7c7eaf1d17ee24.jpg,479,320,Cat,115,47,360,268
fe897b7a89359a28.jpg,544,320,Cat,0,11,445,319
fe897b7a89359a28.jpg,544,320,Cat,314,0,432,236
fe8ebfdd4976fb17.jpg,294,320,Cat,46,24,246,315
fe92f26d45ab1c79.jpg,426,320,Cat,16,102,417,272
fe9387c31c2b9990.jpg,479,320,Squirrel,174,110,311,283
fe952e7df9c5d743.jpg,240,320,Cat,109,100,149,146
fe9537eb2b79eaee.jpg,426,320,Cat,202,30,345,189
fe9d750612373430.jpg,479,320,Cat,0,52,377,282
fe9e8c19985bd0b0.jpg,213,320,Cat,34,52,176,310
feaa5cb2c2bfa66e.jpg,513,320,Squirrel,160,32,512,298
feaede999fc9b67e.jpg,480,320,Cat,0,0,480,319
feaef2037a779cec.jpg,633,320,Fox,230,147,429,310
feaef2037a779cec.jpg,633,320,Fox,267,66,394,217
feaef2037a779cec.jpg,633,320,Fox,358,58,518,204
feb121b9bfd5af0d.jpg,476,320,Cat,71,0,393,285
feb4d99afca82874.jpg,423,320,Cat,169,89,269,197
feb5454e3cd7ab9e.jpg,426,320,Cat,0,148,199,319
feb9673b7f76c45e.jpg,448,320,Cat,9,76,304,319
febe5f7e0a8b4b0c.jpg,238,320,Cat,45,142,141,319
febe5f7e0a8b4b0c.jpg,238,320,Cat,116,156,232,319
feca90690240bebb.jpg,426,320,Cat,78,136,317,210
feda2e6c99b4f069.jpg,426,320,Cat,154,70,375,319
feebee3fccc1bd84.jpg,509,320,Cat,62,105,166,263
feebee3fccc1bd84.jpg,509,320,Cat,268,155,466,250
feee1e9281770cc2.jpg,438,320,Cat,85,27,301,320
fef66e6f371d9407.jpg,463,320,Cat,61,46,407,284
fef6c294cfbce2f1.jpg,471,320,Cat,0,42,418,295
fefa7ba666c2125c.jpg,426,320,Cat,0,219,142,290
fefa7ba666c2125c.jpg,426,320,Cat,4,91,276,313
fefa7ba666c2125c.jpg,426,320,Cat,93,75,392,319
fefd0b958383cc7f.jpg,481,320,Cat,0,7,382,319
fefda2ee7722de11.jpg,479,320,Cat,124,112,357,272
feffa4d3a4ffed5e.jpg,320,320,Cat,0,43,251,319
ff00cf13a4d6beaf.jpg,384,320,Squirrel,0,8,355,314
ff0138e8a79dee1b.jpg,482,320,Cat,205,181,255,205
ff0138e8a79dee1b.jpg,482,320,Cat,269,169,303,206
ff09358e3f4f2ea8.jpg,566,320,Cat,99,103,238,259
ff0a2cef8a8a3f33.jpg,320,320,Cat,0,93,319,319
ff0d8aba5b73143b.jpg,426,320,Cat,0,11,425,230
ff0d8aba5b73143b.jpg,426,320,Cat,207,16,423,210
ff0fafb2ff4da834.jpg,240,320,Fox,40,135,192,220
ff0fb029b9ed80e8.jpg,509,320,Squirrel,189,235,249,277
ff101525686a407d.jpg,320,320,Cat,1,35,260,299
ff157518f1a22ad3.jpg,426,320,Cat,161,133,225,177
ff157518f1a22ad3.jpg,426,320,Cat,225,132,294,151
ff18397d570243cc.jpg,426,320,Cat,138,45,426,246
ff18917f7c13c22f.jpg,426,320,Squirrel,176,94,244,232
ff1a103a9f3da876.jpg,480,320,Cat,232,48,380,312
ff224a48e8e3ee19.jpg,426,320,Cat,0,92,255,319
ff2604bde48618c9.jpg,426,320,Cat,143,26,288,242
ff27141404064b2a.jpg,320,320,Cat,0,0,319,319
ff3196d0d6fc9390.jpg,481,320,Cat,0,0,481,319
ff3630e3791890e3.jpg,479,320,Cat,166,178,300,239
ff3dd2b204a39a42.jpg,213,320,Cat,21,31,147,319
ff44fe7d0e4eaca3.jpg,426,320,Cat,200,110,303,180
ff451d4fc378e028.jpg,346,320,Cat,105,12,255,311
ff49cfeac5a96c28.jpg,123,320,Cat,46,87,73,115
ff5afd9675d9c982.jpg,479,320,Cat,0,0,383,236
ff5f4926147a3924.jpg,426,320,Cat,6,0,426,166
ff64ad1547f9b80a.jpg,426,320,Cat,64,80,426,319
ff657d2e5fef4f53.jpg,426,320,Cat,70,89,309,229
ff664060ee60fa6d.jpg,426,320,Cat,109,86,205,190
ff664060ee60fa6d.jpg,426,320,Cat,46,150,160,313
ff68ee327aae6976.jpg,320,320,Squirrel,83,63,243,220
ff6bf42dd9ab3e60.jpg,427,320,Cat,1,3,418,318
ff6e2714828c0760.jpg,479,320,Cat,69,0,403,319
ff71c2d92613b964.jpg,426,320,Cat,0,0,370,319
ff818ba7bb7ff6e1.jpg,478,320,Cat,48,87,295,319
ff894261329aae70.jpg,556,320,Cat,200,78,413,278
ff8b6688a4b82131.jpg,537,320,Cat,244,201,388,300
ff92b28d9fa14d8f.jpg,426,320,Cat,168,140,223,276
ff98d8f334e8dff7.jpg,240,320,Cat,142,194,213,265
ff9ceca28231f6fa.jpg,240,320,Cat,36,39,209,288
ffa5fbe40a85f549.jpg,426,320,Cat,0,0,324,319
ffa777d9064123b1.jpg,426,320,Cat,0,27,393,219
ffa90c51ceb3779a.jpg,213,320,Cat,0,0,213,319
ffaa7d8efdd5c1ab.jpg,479,320,Fox,132,62,361,302
ffb2da8c37751c49.jpg,476,320,Cat,0,0,386,319
ffb8d03b4e0c133e.jpg,481,320,Cat,158,214,206,257
ffb943a17cbbdcda.jpg,320,320,Cat,0,47,316,268
ffbbe91145c6dd1f.jpg,426,320,Cat,0,31,405,319
ffc08e87dabfb85a.jpg,310,320,Cat,20,38,228,273
ffc65ce637cbd73d.jpg,426,320,Cat,57,0,360,319
ffcfa2f6fa9948f0.jpg,479,320,Cat,423,195,478,319
ffd1e6a91d92bf83.jpg,426,320,Cat,0,1,426,263
ffd6d7ddc5991775.jpg,426,320,Cat,128,109,288,250
ffde7e8758dc5d57.jpg,240,320,Cat,0,32,116,288
ffe351691b382ce2.jpg,240,320,Cat,120,164,239,319
ffe91ea1debeefb3.jpg,214,320,Cat,0,13,211,199
ffebb214b9df34aa.jpg,479,320,Cat,0,11,478,319
fff03cd8b26ad797.jpg,426,320,Cat,0,0,424,319
fff7e50f2824afe0.jpg,407,320,Cat,19,20,406,319
fffcbea446a0b7b9.jpg,379,320,Cat,55,22,378,302
f390aecd94994c18.jpg,472,320,Raccoon,100,57,340,219
f3acb403713c43d7.jpg,213,320,Raccoon,25,65,175,278
f5db74c9743540ae.jpg,427,320,Raccoon,46,34,207,298
f5db74c9743540ae.jpg,427,320,Raccoon,140,54,387,318
f750bebde46d4ac6.jpg,482,320,Raccoon,13,31,274,311
f750bebde46d4ac6.jpg,482,320,Raccoon,255,22,459,255
f8c2d72b9951467e.jpg,503,320,Raccoon,57,14,496,320
fc062374d7124225.jpg,480,320,Raccoon,64,39,300,267
fcd6c0fdfaf148d2.jpg,388,320,Raccoon,21,59,309,282
ff147fa85ba74831.jpg,568,320,Raccoon,143,0,557,293
